<?xml version="1.0" encoding="UTF-8" standalone="yes"?>
<addon id="plugin.video.sickrage"
	name="SickRage"
	version="2.0.2"
	provider-name="Hiltronix">
	<requires>
		<import addon="xbmc.python" version="2.1.0"/>
		<import addon="script.module.requests" version="2.9.1" />
	</requires>
	<extension point="xbmc.python.pluginsource" library="default.py">
		<provides>executable video</provides>
	</extension>
	<extension point="xbmc.addon.metadata">
		<summary>SickRage Interface for Kodi</summary>
		<description>View and control SickRage or SickBeard from within Kodi.</description>
		<platform>all</platform>
		<language>en</language>
		<license>GNU GENERAL PUBLIC LICENSE. Version 2, June 1991</license>
		<source>https://github.com/Hiltronix/plugin.video.sickrage</source>
		<email>hiltronix@gmail.com</email>
		<news>- Bug fixes.[CR]
- Improved list sorting.[CR]
- Switched to new TVdb scraper and meta data caching system.[CR]
- User experience greatly improved after TVdb data is cached locally.[CR]
- More meta data info is displayed.[CR]
- Manually update cached data directly from TVdb from context menu.[CR]
- Actors and their images are now displayed, when using Kodi 17.x or higher.[CR]
- Added banner image support.[CR]
- Total space used for cache now displayed in "Clear Cache".[CR]</news>
		<assets>
			<icon>icon.png</icon>
			<fanart>fanart.jpg</fanart>
			<screenshot>resources/images/sickrage_addon_1.jpg</screenshot>
			<screenshot>resources/images/sickrage_addon_2.jpg</screenshot>
			<screenshot>resources/images/sickrage_addon_3.jpg</screenshot>
			<screenshot>resources/images/sickrage_addon_4.jpg</screenshot>
			<screenshot>resources/images/sickrage_addon_5.jpg</screenshot>
			<screenshot>resources/images/sickrage_addon_6.jpg</screenshot>
		</assets>
	</extension>
</addon>
