<?xml version="1.0" encoding="UTF-8" standalone="yes"?>
<addon id="plugin.program.qbittorrent"
       name="qBittorrent"
       version="1.0.4"
       provider-name="Hiltronix">
    <requires>
        <import addon="xbmc.python" version="2.1.0"/>
    </requires>
    <extension point="xbmc.python.pluginsource" library="default.py">
        <provides>executable</provides>
    </extension>
    <extension point="xbmc.addon.metadata">
        <platform>all</platform>
        <summary lang="en">qBittorrent Control Plugin</summary>
        <description lang="en">Manages your qBittorrent queue from within Kodi/XBMC.</description>
		<platform>all</platform>
		<language>en</language>
		<license>GNU GENERAL PUBLIC LICENSE. Version 2, June 1991</license>
		<source>https://github.com/Hiltronix/plugin.video.sickrage</source>
		<email>hiltronix@gmail.com</email>
	</extension>
</addon>
