<?xml version="1.0" encoding="UTF-8" standalone="yes"?>
<addon id="plugin.program.advsettings"
	name="My Advanced Settings"
	version="1.0.3"
	provider-name="Hiltronix">
	<requires>
		<import addon="xbmc.python" version="2.1.0"/>
	</requires>
	<extension point="xbmc.python.pluginsource" library="default.py">
		<provides>executable</provides>
	</extension>
	<extension point="xbmc.addon.metadata">
		<summary>Advanced Settings for Kodi/XBMC</summary>
		<description>View and change advanced settings that aren't easily accessible in Kodi/XBMC.</description>
		<platform>all</platform>
		<language>en</language>
		<license>GNU GENERAL PUBLIC LICENSE. Version 2, June 1991</license>
		<email>hiltronix@gmail.com</email>
	</extension>
</addon>
