<?xml version="1.0" encoding="UTF-8" standalone="yes"?>
<addon id="context.videolookup.dialog" name="Video Lookup" version="1.0.0" provider-name="Hiltronix">
	<requires>
		<import addon="xbmc.python" version="2.20.0"/>
	    <import addon="script.extendedinfo" version="2.0.6"/>
	</requires>
	<extension point="xbmc.python.pluginsource" library="default.py">
		<provides>executable</provides>
	</extension>
	<extension point="kodi.context.item" library="addon.py">
		<item>
			<label>Video Lookup</label>
			<!-- <visible>!IsEmpty(ListItem.Label) | !IsEmpty(ListItem.Title)</visible> -->
			<visible>true</visible>
			<!-- <parent>kodi.core.manage</parent> -->
		</item>
	</extension>
	<extension point="xbmc.addon.metadata">
		<summary>Video Lookup</summary>
		<description>Lookup movie or TV show title, TV show episode, or cast member on IMDb.  Then display results using ExtendedInfo.</description>
		<platform>all</platform>
		<language>en</language>
		<license>GNU GENERAL PUBLIC LICENSE. Version 2, June 1991</license>
		<email>hiltronix@gmail.com</email>
	</extension>
</addon>
