<?xml version="1.0" encoding="UTF-8" standalone="yes"?>
<addon id="plugin.video.sickrage"
	name="SickRage"
	version="3.0.1"
	provider-name="Hiltronix">
	<requires>
		<import addon="xbmc.python" version="2.25.0"/>
		<import addon="script.module.requests" version="2.12.4" />
	</requires>
	<extension point="xbmc.service" library="/resources/lib/service.py" start="login" />
	<extension point="xbmc.python.pluginsource" library="default.py">
		<provides>video</provides>
	</extension>
	<extension point="xbmc.addon.metadata">
		<summary>SickRage Interface for Kodi</summary>
		<description>View and control SickRage or SickBeard from within Kodi.</description>
		<platform>all</platform>
		<language>en</language>
		<license>GNU GENERAL PUBLIC LICENSE. Version 2, June 1991</license>
		<source>https://github.com/Hiltronix/plugin.video.sickrage</source>
		<email>hiltronix@gmail.com</email>
		<news>View the Change Log under Settings in the app's main menu for details.[CR]</news>
		<assets>
			<icon>icon.png</icon>
			<fanart>fanart.jpg</fanart>
			<screenshot>resources/images/sickrage_addon_1.jpg</screenshot>
			<screenshot>resources/images/sickrage_addon_2.jpg</screenshot>
			<screenshot>resources/images/sickrage_addon_3.jpg</screenshot>
			<screenshot>resources/images/sickrage_addon_4.jpg</screenshot>
			<screenshot>resources/images/sickrage_addon_5.jpg</screenshot>
			<screenshot>resources/images/sickrage_addon_6.jpg</screenshot>
		</assets>
	</extension>
</addon>
