<?xml version="1.0" encoding="utf-8" standalone="yes"?>
<addon id="plugin.program.qbittorrent"
    name="qBittorrent"
    version="3.0.0"
    provider-name="Hiltronix">
    <requires>
        <import addon="xbmc.python" version="3.0.0"/>
		<import addon="script.module.requests" version="2.22.0" />
    </requires>
    <extension point="xbmc.python.pluginsource" library="default.py">
        <provides>executable</provides>
    </extension>
    <extension point="xbmc.addon.metadata">
        <summary lang="en">qBittorrent Control Plugin</summary>
        <description lang="en">Manage your qBittorrent queue from within Kodi.</description>
		<language>en</language>
		<platform>all</platform>
		<license>GNU GENERAL PUBLIC LICENSE. Version 2, June 1991</license>
		<source>https://github.com/Hiltronix/repo</source>
		<email>hiltronix@gmail.com</email>
		<news>View the Change Log under Settings in the app's main menu for details.[CR]</news>
		<assets>
			<icon>icon.png</icon>
			<fanart>fanart.jpg</fanart>
		</assets>
	</extension>
</addon>
