<?xml version="1.0" encoding="UTF-8" standalone="yes"?>
<addon id="plugin.video.sickrage"
	name="SickRage"
	version="1.0.11"
	provider-name="Hiltronix (Orig. Work by Zach Moore)">
	<requires>
		<import addon="xbmc.python" version="2.1.0"/>
		<import addon="script.module.metahandler" version="2.5.1" />
		<import addon="script.module.addon.common" version="2.0.0" />
	</requires>
	<extension point="xbmc.python.pluginsource" library="default.py">
		<provides>video</provides>
	</extension>
	<extension point="xbmc.addon.metadata">
		<summary>SickRage Interface for Kodi/XBMC</summary>
		<description>View and control SickRage from within Kodi/XBMC.</description>
		<platform>all</platform>
	</extension>
</addon>
